{"skeleton":{"hash":"GFhi1QgWpgVShQ9XvFO2lQEvQU4","spine":"2.1.25","width":353.78,"height":321.53},"bones":[{"name":"root"},{"name":"torso","parent":"root","length":92,"x":5.37,"y":48.94,"rotation":88.19},{"name":"arm2bis","parent":"torso","length":62.11,"x":70.19,"y":-55.77,"rotation":-131.66},{"name":"head","parent":"torso","length":105.1,"x":91.03,"y":-0.97,"rotation":4.07},{"name":"leftArm","parent":"torso","length":68.08,"x":64.06,"y":87.25,"rotation":-145.98},{"name":"leg 1","parent":"torso","length":23.4,"x":-2.04,"y":35.76,"rotation":-175.94},{"name":"leg 2","parent":"torso","length":23.4,"x":-0.34,"y":-17.88,"rotation":-175.94},{"name":"ear1","parent":"head","length":93.23,"x":88.06,"y":70.36,"rotation":1.78},{"name":"ear2","parent":"head","length":90,"x":94.47,"y":-40.38,"rotation":-2.27},{"name":"gun","parent":"leftArm","length":220.74,"x":60.22,"y":-17.55,"rotation":61.39},{"name":"leg1bottom","parent":"leg 1","length":19.87,"x":23.4,"y":0.08,"rotation":-3.15},{"name":"leg2bottom","parent":"leg 2","length":19.87,"x":23.4,"y":0.08,"rotation":-3.15},{"name":"meleeWeapon","parent":"leftArm","length":315.66,"x":58.9,"y":11.08,"rotation":107.77},{"name":"arm2","parent":"gun","length":23.25,"x":177.35,"y":-5.65,"rotation":84.1}],"slots":[{"name":"leg2","bone":"leg 2","attachment":"leg1"},{"name":"leg1","bone":"leg 1","attachment":"leg1"},{"name":"arm2bis","bone":"arm2bis","attachment":"arm2bis"},{"name":"torso","bone":"torso","attachment":"torso"},{"name":"ear1","bone":"ear1","attachment":"ear1"},{"name":"ear2","bone":"ear2","attachment":"ear2"},{"name":"head","bone":"head","attachment":"head"},{"name":"gun","bone":"gun","attachment":"gun"},{"name":"arm2","bone":"arm2","attachment":"arm2"},{"name":"arm1","bone":"leftArm","attachment":"arm1"},{"name":"meleeWeapon","bone":"meleeWeapon","attachment":"empty"},{"name":"meleeWeaponEffect","bone":"meleeWeapon","attachment":"empty"}],"skins":{"default":{"arm2":{"empty":{"rotation":-87.71,"width":1,"height":1}},"gun":{"empty":{"rotation":-3.6,"width":1,"height":1}},"meleeWeapon":{"empty":{"rotation":-49.98,"width":1,"height":1}},"meleeWeaponEffect":{"empty":{"rotation":-49.98,"width":1,"height":1}}},"space-cat":{"arm1":{"arm1":{"name":"cat/arm1","x":38.47,"y":1.53,"rotation":57.79,"width":72,"height":80}},"arm2":{"arm2":{"name":"cat/arm2","x":8.78,"y":1.03,"rotation":-85.01,"width":109,"height":45}},"arm2bis":{"arm2bis":{"name":"cat/arm2bis","x":29.33,"y":1.23,"rotation":43.46,"width":72,"height":80}},"ear1":{"ear1":{"name":"cat/ear1","x":22.54,"y":-32.57,"rotation":-94.05,"width":49,"height":67}},"ear2":{"ear2":{"name":"cat/ear2","x":13.23,"y":6.24,"rotation":-90.43,"width":49,"height":68}},"gun":{"gun":{"name":"cat/gun","x":109.65,"y":3.69,"rotation":-0.9,"width":334,"height":98}},"head":{"head":{"name":"cat/head","x":51.28,"y":-9.14,"rotation":-92.27,"width":226,"height":156}},"leg1":{"leg1":{"name":"cat/leg1","type":"skinnedmesh","uvs":[0.01738,0.24452,0.06105,0.41502,0.10358,0.58105,0.08201,0.74892,0.06587,0.87457,0.39987,1,0.59919,1,1,0.85432,1,0.7494,1,0.6519,1,0.47632,1,0.35052,1,0.21416,0.57225,0],"triangles":[3,2,9,3,9,8,3,8,7,4,3,7,6,5,4,7,6,4,13,12,11,1,0,13,1,13,11,1,11,10,2,1,10,2,10,9],"vertices":[1,5,-1.38,-13.98,1,2,5,9.91,-13.07,0.99552,10,-12.75,-13.87,0.00447,2,5,20.91,-12.18,0.64542,10,-1.81,-12.38,0.35457,2,5,31.95,-13.29,0.04623,10,9.27,-12.88,0.95376,1,10,17.57,-13.26,1,1,10,25.69,-2.78,1,1,10,25.59,3.39,1,2,5,40.02,14.87,0.0221,10,15.79,15.67,0.97789,2,5,33.09999,15.14,0.11863,10,8.87,15.56,0.88136,2,5,26.67,15.39,0.36507,10,2.43,15.46,0.63492,2,5,15.09,15.85,0.87804,10,-9.14,15.29,0.12195,2,5,6.8,16.17,0.9921,10,-17.45,15.16,0.00789,1,5,-2.19,16.53,1,2,5,-16.83,3.83,1,10,-40.38,1.55,0],"hull":14}},"leg2":{"leg1":{"name":"cat/leg1","type":"skinnedmesh","uvs":[0.01738,0.24452,0.06105,0.41502,0.10358,0.58105,0.08201,0.74892,0.06587,0.87457,0.39987,1,0.59919,1,1,0.85432,1,0.7494,1,0.6519,1,0.47632,1,0.35052,1,0.21416,0.57225,0],"triangles":[3,2,9,3,9,8,3,8,7,4,3,7,6,5,4,7,6,4,13,12,11,1,0,13,1,13,11,1,11,10,2,1,10,2,10,9],"vertices":[1,6,-1.38,-13.98,1,2,6,9.91,-13.07,0.99552,11,-12.75,-13.87,0.00447,2,6,20.91,-12.18,0.64542,11,-1.81,-12.38,0.35457,2,6,31.95,-13.29,0.04623,11,9.27,-12.88,0.95376,1,11,17.57,-13.26,1,1,11,25.69,-2.78,1,1,11,25.59,3.39,1,2,6,40.02,14.87,0.0221,11,15.79,15.67,0.97789,2,6,33.09999,15.14,0.11863,11,8.87,15.56,0.88136,2,6,26.67,15.39,0.36507,11,2.43,15.46,0.63492,2,6,15.09,15.85,0.87804,11,-9.14,15.29,0.12195,2,6,6.8,16.17,0.9921,11,-17.45,15.16,0.00789,1,6,-2.19,16.53,1,2,6,-16.83,3.83,1,11,-40.38,1.55,0],"hull":14}},"meleeWeapon":{"meleeWeapon":{"name":"cat/saber","x":223.43,"y":45.91,"rotation":-45.19,"width":383,"height":444}},"meleeWeaponEffect":{"meleeWeaponEffect":{"name":"cat/saber-swoosh","x":240.96,"y":2.83,"rotation":-49.98,"width":255,"height":350}},"torso":{"torso":{"name":"cat/torso","x":69.57,"y":32.09,"rotation":-88.19,"width":215,"height":188}}},"space-chicken":{"arm1":{"arm1":{"name":"corgi/arm1","path":"chicken/arm1","x":38.47,"y":1.53,"rotation":57.79,"width":77,"height":89}},"arm2":{"arm2":{"name":"corgi/arm2","path":"chicken/arm2","x":8.78,"y":1.03,"rotation":-85.01,"width":109,"height":45}},"arm2bis":{"arm2bis":{"name":"corgi/arm2bis","path":"chicken/arm2bis","x":34.92,"y":2.59,"rotation":43.46,"width":72,"height":80}},"ear1":{"ear1":{"name":"corgi/ear1","path":"chicken/ear1","x":-14.6,"y":-41.11,"rotation":-94.05,"width":17,"height":16}},"ear2":{"ear2":{"name":"corgi/ear2","path":"chicken/ear2","x":-5.2,"y":27,"rotation":-90.43,"width":16,"height":18}},"gun":{"gun":{"name":"corgi/gun","path":"chicken/gun","x":109.65,"y":3.69,"rotation":-0.9,"width":334,"height":98}},"head":{"head":{"name":"corgi/head","path":"chicken/head","x":52.12,"y":12.17,"rotation":-92.27,"width":206,"height":258}},"leg1":{"leg1":{"name":"corgi/leg1","type":"skinnedmesh","path":"chicken/leg1","uvs":[0.01738,0.24452,0.06105,0.41502,0.10358,0.58105,0.08201,0.74892,0.06587,0.87457,0.39987,1,0.59919,1,1,0.85432,1,0.7494,1,0.6519,1,0.47632,1,0.35052,1,0.21416,0.57225,0],"triangles":[3,2,9,3,9,8,3,8,7,4,3,7,6,5,4,7,6,4,13,12,11,1,0,13,1,13,11,1,11,10,2,1,10,2,10,9],"vertices":[1,5,-1.38,-13.98,1,2,5,9.91,-13.07,0.99552,10,-12.75,-13.87,0.00447,2,5,20.91,-12.18,0.64542,10,-1.81,-12.38,0.35457,2,5,31.95,-13.29,0.04623,10,9.27,-12.88,0.95376,1,10,17.57,-13.26,1,1,10,25.69,-2.78,1,1,10,25.59,3.39,1,2,5,40.02,14.87,0.0221,10,15.79,15.67,0.97789,2,5,33.09999,15.14,0.11863,10,8.87,15.56,0.88136,2,5,26.67,15.39,0.36507,10,2.43,15.46,0.63492,2,5,15.09,15.85,0.87804,10,-9.14,15.29,0.12195,2,5,6.8,16.17,0.9921,10,-17.45,15.16,0.00789,1,5,-2.19,16.53,1,2,5,-16.83,3.83,1,10,-40.38,1.55,0],"hull":14}},"leg2":{"leg1":{"name":"corgi/leg1","type":"skinnedmesh","path":"chicken/leg1","uvs":[0.01738,0.24452,0.06105,0.41502,0.10358,0.58105,0.08201,0.74892,0.06587,0.87457,0.39987,1,0.59919,1,1,0.85432,1,0.7494,1,0.6519,1,0.47632,1,0.35052,1,0.21416,0.57225,0],"triangles":[3,2,9,3,9,8,3,8,7,4,3,7,6,5,4,7,6,4,13,12,11,1,0,13,1,13,11,1,11,10,2,1,10,2,10,9],"vertices":[1,6,-1.38,-13.98,1,2,6,9.91,-13.07,0.99552,11,-12.75,-13.87,0.00447,2,6,20.91,-12.18,0.64542,11,-1.81,-12.38,0.35457,2,6,31.95,-13.29,0.04623,11,9.27,-12.88,0.95376,1,11,17.57,-13.26,1,1,11,25.69,-2.78,1,1,11,25.59,3.39,1,2,6,40.02,14.87,0.0221,11,15.79,15.67,0.97789,2,6,33.09999,15.14,0.11863,11,8.87,15.56,0.88136,2,6,26.67,15.39,0.36507,11,2.43,15.46,0.63492,2,6,15.09,15.85,0.87804,11,-9.14,15.29,0.12195,2,6,6.8,16.17,0.9921,11,-17.45,15.16,0.00789,1,6,-2.19,16.53,1,2,6,-16.83,3.83,1,11,-40.38,1.55,0],"hull":14}},"meleeWeapon":{"meleeWeapon":{"name":"corgi/saber","path":"chicken/saber","x":222.05,"y":47.55,"rotation":-44.99,"width":383,"height":418}},"meleeWeaponEffect":{"meleeWeaponEffect":{"name":"corgi/saber-swoosh","path":"chicken/saber-swoosh","x":245.05,"y":9.06,"rotation":-49.98,"width":255,"height":350}},"torso":{"torso":{"name":"corgi/torso","path":"chicken/torso","x":69.57,"y":32.09,"rotation":-88.19,"width":227,"height":185}}},"space-corgi":{"arm1":{"arm1":{"name":"corgi/arm1","x":38.47,"y":1.53,"rotation":57.79,"width":72,"height":80}},"arm2":{"arm2":{"name":"corgi/arm2","x":8.78,"y":1.03,"rotation":-85.01,"width":109,"height":45}},"arm2bis":{"arm2bis":{"name":"corgi/arm2bis","x":34.92,"y":2.59,"rotation":43.46,"width":72,"height":80}},"ear1":{"ear1":{"name":"corgi/ear1","x":48.87,"y":4.99,"rotation":-94.05,"width":78,"height":161}},"ear2":{"ear2":{"name":"corgi/ear2","x":37.6,"y":-3.66,"rotation":-90.43,"width":71,"height":161}},"gun":{"gun":{"name":"corgi/gun","x":109.65,"y":3.69,"rotation":-0.9,"width":334,"height":98}},"head":{"head":{"name":"corgi/head","x":52.12,"y":12.17,"rotation":-92.27,"width":246,"height":147}},"leg1":{"leg1":{"name":"corgi/leg1","type":"skinnedmesh","uvs":[0.01738,0.24452,0.06105,0.41502,0.10358,0.58105,0.08201,0.74892,0.06587,0.87457,0.39987,1,0.59919,1,1,0.85432,1,0.7494,1,0.6519,1,0.47632,1,0.35052,1,0.21416,0.57225,0],"triangles":[3,2,9,3,9,8,3,8,7,4,3,7,6,5,4,7,6,4,13,12,11,1,0,13,1,13,11,1,11,10,2,1,10,2,10,9],"vertices":[1,5,-1.38,-13.98,1,2,5,9.91,-13.07,0.99552,10,-12.75,-13.87,0.00447,2,5,20.91,-12.18,0.64542,10,-1.81,-12.38,0.35457,2,5,31.95,-13.29,0.04623,10,9.27,-12.88,0.95376,1,10,17.57,-13.26,1,1,10,25.69,-2.78,1,1,10,25.59,3.39,1,2,5,40.02,14.87,0.0221,10,15.79,15.67,0.97789,2,5,33.09999,15.14,0.11863,10,8.87,15.56,0.88136,2,5,26.67,15.39,0.36507,10,2.43,15.46,0.63492,2,5,15.09,15.85,0.87804,10,-9.14,15.29,0.12195,2,5,6.8,16.17,0.9921,10,-17.45,15.16,0.00789,1,5,-2.19,16.53,1,2,5,-16.83,3.83,1,10,-40.38,1.55,0],"hull":14}},"leg2":{"leg1":{"name":"corgi/leg1","type":"skinnedmesh","uvs":[0.01738,0.24452,0.06105,0.41502,0.10358,0.58105,0.08201,0.74892,0.06587,0.87457,0.39987,1,0.59919,1,1,0.85432,1,0.7494,1,0.6519,1,0.47632,1,0.35052,1,0.21416,0.57225,0],"triangles":[3,2,9,3,9,8,3,8,7,4,3,7,6,5,4,7,6,4,13,12,11,1,0,13,1,13,11,1,11,10,2,1,10,2,10,9],"vertices":[1,6,-1.38,-13.98,1,2,6,9.91,-13.07,0.99552,11,-12.75,-13.87,0.00447,2,6,20.91,-12.18,0.64542,11,-1.81,-12.38,0.35457,2,6,31.95,-13.29,0.04623,11,9.27,-12.88,0.95376,1,11,17.57,-13.26,1,1,11,25.69,-2.78,1,1,11,25.59,3.39,1,2,6,40.02,14.87,0.0221,11,15.79,15.67,0.97789,2,6,33.09999,15.14,0.11863,11,8.87,15.56,0.88136,2,6,26.67,15.39,0.36507,11,2.43,15.46,0.63492,2,6,15.09,15.85,0.87804,11,-9.14,15.29,0.12195,2,6,6.8,16.17,0.9921,11,-17.45,15.16,0.00789,1,6,-2.19,16.53,1,2,6,-16.83,3.83,1,11,-40.38,1.55,0],"hull":14}},"meleeWeapon":{"meleeWeapon":{"name":"corgi/saber","x":222.05,"y":47.55,"rotation":-44.99,"width":383,"height":444}},"meleeWeaponEffect":{"meleeWeaponEffect":{"name":"corgi/saber-swoosh","x":245.05,"y":9.06,"rotation":-49.98,"width":255,"height":350}},"torso":{"torso":{"name":"corgi/torso","x":69.57,"y":32.09,"rotation":-88.19,"width":227,"height":185}}},"space-pig":{"arm1":{"arm1":{"name":"pig/arm1","x":38.47,"y":1.53,"rotation":57.79,"width":72,"height":80}},"arm2":{"arm2":{"name":"pig/arm2","x":8.78,"y":1.03,"rotation":-85.01,"width":109,"height":45}},"arm2bis":{"arm2bis":{"name":"pig/arm2bis","x":29.33,"y":1.23,"rotation":43.46,"width":72,"height":80}},"ear1":{"ear1":{"name":"pig/ear1","x":41.3,"y":-18.51,"rotation":-94.05,"width":49,"height":67}},"ear2":{"ear2":{"name":"pig/ear2","x":30.94,"y":21.59,"rotation":-90.43,"width":49,"height":68}},"gun":{"gun":{"name":"pig/gun","x":109.65,"y":3.69,"rotation":-0.9,"width":334,"height":98}},"head":{"head":{"name":"pig/head","x":69.59,"y":5.49,"rotation":-92.27,"width":190,"height":191}},"leg1":{"leg1":{"name":"pig/leg1","type":"skinnedmesh","uvs":[0.01633,0.24452,0.05735,0.41502,0.0973,0.58105,0.07704,0.74892,0.06188,0.87457,0.37563,1,0.56288,1,0.93939,0.85432,0.93939,0.7494,0.93939,0.6519,0.93939,0.47632,0.93939,0.35052,0.93939,0.21416,0.53757,0],"triangles":[3,2,9,3,9,8,3,8,7,4,3,7,6,5,4,7,6,4,13,12,11,1,0,13,1,13,11,1,11,10,2,1,10,2,10,9],"vertices":[1,5,-1.38,-13.98,1,2,5,9.91,-13.07,0.99552,10,-12.75,-13.87,0.00447,2,5,20.91,-12.18,0.64542,10,-1.81,-12.38,0.35457,2,5,31.95,-13.29,0.04623,10,9.27,-12.88,0.95376,1,10,17.57,-13.26,1,1,10,25.69,-2.78,1,1,10,25.59,3.39,1,2,5,40.02,14.87,0.0221,10,15.79,15.67,0.97789,2,5,33.09999,15.14,0.11863,10,8.87,15.56,0.88136,2,5,26.67,15.39,0.36507,10,2.43,15.46,0.63492,2,5,15.09,15.85,0.87804,10,-9.14,15.29,0.12195,2,5,6.8,16.17,0.9921,10,-17.45,15.16,0.00789,1,5,-2.19,16.53,1,2,5,-16.83,3.83,1,10,-40.38,1.55,0],"hull":14}},"leg2":{"leg1":{"name":"pig/leg1","type":"skinnedmesh","uvs":[0.01633,0.24452,0.05735,0.41502,0.0973,0.58105,0.07704,0.74892,0.06188,0.87457,0.37563,1,0.56288,1,0.93939,0.85432,0.93939,0.7494,0.93939,0.6519,0.93939,0.47632,0.93939,0.35052,0.93939,0.21416,0.53757,0],"triangles":[3,2,9,3,9,8,3,8,7,4,3,7,6,5,4,7,6,4,13,12,11,1,0,13,1,13,11,1,11,10,2,1,10,2,10,9],"vertices":[1,6,-1.38,-13.98,1,2,6,9.91,-13.07,0.99552,11,-12.75,-13.87,0.00447,2,6,20.91,-12.18,0.64542,11,-1.81,-12.38,0.35457,2,6,31.95,-13.29,0.04623,11,9.27,-12.88,0.95376,1,11,17.57,-13.26,1,1,11,25.69,-2.78,1,1,11,25.59,3.39,1,2,6,40.02,14.87,0.0221,11,15.79,15.67,0.97789,2,6,33.09999,15.14,0.11863,11,8.87,15.56,0.88136,2,6,26.67,15.39,0.36507,11,2.43,15.46,0.63492,2,6,15.09,15.85,0.87804,11,-9.14,15.29,0.12195,2,6,6.8,16.17,0.9921,11,-17.45,15.16,0.00789,1,6,-2.19,16.53,1,2,6,-16.83,3.83,1,11,-40.38,1.55,0],"hull":14}},"meleeWeapon":{"meleeWeapon":{"name":"pig/saber","x":223.43,"y":45.91,"rotation":-45.19,"width":383,"height":444}},"meleeWeaponEffect":{"meleeWeaponEffect":{"name":"pig/saber-swoosh","x":240.96,"y":2.83,"rotation":-49.98,"width":255,"height":350}},"torso":{"torso":{"name":"pig/torso","x":69.57,"y":32.09,"rotation":-88.19,"width":225,"height":188}}}},"animations":{"spine-space-corgi-crouch":{"slots":{"gun":{"attachment":[{"time":0,"name":"gun"}]}},"bones":{"torso":{"rotate":[{"time":0,"angle":-32.75,"curve":"stepped"},{"time":0.6666,"angle":-32.75}],"translate":[{"time":0,"x":-32.63,"y":-18.64,"curve":[0.25,0,0.75,1]},{"time":0.3333,"x":-32.63,"y":-13.98,"curve":[0.25,0,0.75,1]},{"time":0.6666,"x":-32.63,"y":-18.64}]},"gun":{"rotate":[{"time":0,"angle":8.3,"curve":[0.25,0,0.75,1]},{"time":0.3333,"angle":12.4,"curve":[0.25,0,0.75,1]},{"time":0.6666,"angle":8.3}]},"leg 1":{"rotate":[{"time":0,"angle":41.2,"curve":[0.25,0,0.75,1]},{"time":0.3333,"angle":57.58,"curve":[0.25,0,0.75,1]},{"time":0.6666,"angle":41.2}],"translate":[{"time":0,"x":7.32,"y":-20.02,"curve":[0.25,0,0.75,1]},{"time":0.3333,"x":3.48,"y":-22.67,"curve":[0.25,0,0.75,1]},{"time":0.6666,"x":7.32,"y":-20.02}]},"leg1bottom":{"rotate":[{"time":0,"angle":-57.88,"curve":[0.25,0,0.75,1]},{"time":0.3333,"angle":1.82,"curve":[0.25,0,0.75,1]},{"time":0.4333,"angle":-21.48,"curve":[0.25,0,0.75,1]},{"time":0.6666,"angle":-57.88}]},"leg 2":{"rotate":[{"time":0,"angle":85.24,"curve":[0.25,0,0.75,1]},{"time":0.2,"angle":64.26,"curve":[0.25,0,0.75,1]},{"time":0.5,"angle":39.8,"curve":[0.25,0,0.75,1]},{"time":0.6666,"angle":85.24}],"translate":[{"time":0,"x":47.63,"y":-35.12,"curve":"stepped"},{"time":0.6666,"x":47.63,"y":-35.12}]},"leg2bottom":{"rotate":[{"time":0,"angle":-72.12,"curve":[0.25,0,0.75,1]},{"time":0.2,"angle":-7.1,"curve":[0.25,0,0.75,1]},{"time":0.3333,"angle":-75.18,"curve":[0.25,0,0.75,1]},{"time":0.6666,"angle":-72.12}]},"head":{"rotate":[{"time":0,"angle":25.61,"curve":[0.25,0,0.75,1]},{"time":0.3,"angle":28.74,"curve":[0.25,0,0.75,1]},{"time":0.6666,"angle":25.61}]},"leftArm":{"rotate":[{"time":0,"angle":21.68,"curve":[0.25,0,0.75,1]},{"time":0.2666,"angle":12.69,"curve":[0.25,0,0.75,1]},{"time":0.6666,"angle":21.68}],"translate":[{"time":0,"x":-28.52,"y":-19.64,"curve":[0.25,0,0.75,1]},{"time":0.3,"x":-29.07,"y":-20.01,"curve":[0.25,0,0.75,1]},{"time":0.6666,"x":-28.52,"y":-19.64}]},"ear1":{"rotate":[{"time":0,"angle":11.17,"curve":[0.25,0,0.75,1]},{"time":0.3,"angle":19.31,"curve":[0.25,0,0.75,1]},{"time":0.6666,"angle":11.17}],"translate":[{"time":0,"x":-18.83,"y":-1.6,"curve":"stepped"},{"time":0.6666,"x":-18.83,"y":-1.6}]},"ear2":{"rotate":[{"time":0,"angle":-34.77,"curve":[0.293,0.18,0.755,1]},{"time":0.3,"angle":-50.84,"curve":[0.25,0,0.75,1]},{"time":0.6666,"angle":-34.77}],"translate":[{"time":0,"x":-13.93,"y":-1.18,"curve":"stepped"},{"time":0.6666,"x":-13.93,"y":-1.18}]},"arm2bis":{"rotate":[{"time":0,"angle":65.81,"curve":[0.25,0,0.75,1]},{"time":0.3333,"angle":51.47,"curve":[0.25,0,0.75,1]},{"time":0.6666,"angle":65.81}]}}},"spine-space-corgi-crouch-idle":{"slots":{"gun":{"attachment":[{"time":0,"name":"gun"}]}},"bones":{"torso":{"rotate":[{"time":0,"angle":-32.75,"curve":"stepped"},{"time":1.8333,"angle":-32.75}],"translate":[{"time":0,"x":-32.63,"y":-18.64,"curve":[0.25,0,0.75,1]},{"time":1.2,"x":-32.63,"y":-13.98,"curve":[0.25,0,0.75,1]},{"time":1.8333,"x":-32.63,"y":-18.64}]},"gun":{"rotate":[{"time":0,"angle":8.3,"curve":[0.25,0,0.75,1]},{"time":1.2,"angle":12.4,"curve":[0.25,0,0.75,1]},{"time":1.8333,"angle":8.3}]},"leg 1":{"rotate":[{"time":0,"angle":41.2,"curve":"stepped"},{"time":1.8333,"angle":41.2}],"translate":[{"time":0,"x":7.32,"y":-20.02,"curve":"stepped"},{"time":1.8333,"x":7.32,"y":-20.02}]},"leg1bottom":{"rotate":[{"time":0,"angle":-57.88,"curve":[0.25,0,0.625,0.5]},{"time":1.2,"angle":-27.11,"curve":[0.375,0.5,0.75,1]},{"time":1.8333,"angle":-57.88}]},"leg 2":{"rotate":[{"time":0,"angle":85.24,"curve":[0.25,0,0.625,0.5]},{"time":1.2,"angle":69.9,"curve":[0.375,0.5,0.75,1]},{"time":1.8333,"angle":85.24}],"translate":[{"time":0,"x":47.63,"y":-35.12,"curve":"stepped"},{"time":1.8333,"x":47.63,"y":-35.12}]},"leg2bottom":{"rotate":[{"time":0,"angle":-72.12,"curve":[0.25,0,0.625,0.5]},{"time":1.2,"angle":-49.47,"curve":[0.375,0.5,0.75,1]},{"time":1.8333,"angle":-72.12}]},"head":{"rotate":[{"time":0,"angle":25.61,"curve":[0.25,0,0.75,1]},{"time":1.1666,"angle":28.74,"curve":[0.25,0,0.75,1]},{"time":1.8333,"angle":25.61}]},"leftArm":{"rotate":[{"time":0,"angle":21.68,"curve":[0.25,0,0.75,1]},{"time":1.1333,"angle":17.4,"curve":[0.25,0,0.75,1]},{"time":1.8333,"angle":21.68}],"translate":[{"time":0,"x":-28.52,"y":-19.64,"curve":[0.25,0,0.75,1]},{"time":1.1666,"x":-29.07,"y":-20.01,"curve":[0.25,0,0.75,1]},{"time":1.8333,"x":-28.52,"y":-19.64}]},"ear1":{"rotate":[{"time":0,"angle":11.17,"curve":[0.25,0,0.75,1]},{"time":1.1666,"angle":19.31,"curve":[0.25,0,0.75,1]},{"time":1.8333,"angle":11.17}],"translate":[{"time":0,"x":-18.83,"y":-1.6,"curve":"stepped"},{"time":1.8333,"x":-18.83,"y":-1.6}]},"ear2":{"rotate":[{"time":0,"angle":-34.77,"curve":[0.293,0.18,0.755,1]},{"time":1.1666,"angle":-50.84,"curve":[0.25,0,0.75,1]},{"time":1.8333,"angle":-34.77}],"translate":[{"time":0,"x":-13.93,"y":-1.18,"curve":"stepped"},{"time":1.8333,"x":-13.93,"y":-1.18}]},"arm2bis":{"rotate":[{"time":0,"angle":70.14,"curve":"stepped"},{"time":1.8666,"angle":70.14}]}}},"spine-space-corgi-dash":{"slots":{"gun":{"attachment":[{"time":0,"name":"gun"}]}},"bones":{"torso":{"rotate":[{"time":0,"angle":-18.38},{"time":0.1,"angle":-19.11},{"time":0.2666,"angle":-18.38}],"translate":[{"time":0,"x":0,"y":0,"curve":"stepped"},{"time":0.2666,"x":0,"y":0}]},"head":{"rotate":[{"time":0,"angle":11.69},{"time":0.1333,"angle":14.16},{"time":0.2666,"angle":11.69}],"translate":[{"time":0,"x":0,"y":0,"curve":"stepped"},{"time":0.2666,"x":0,"y":0}]},"leftArm":{"rotate":[{"time":0,"angle":2.78},{"time":0.2,"angle":361.46},{"time":0.2666,"angle":2.78}],"translate":[{"time":0,"x":0,"y":0,"curve":"stepped"},{"time":0.2666,"x":0,"y":0}]},"leg 1":{"rotate":[{"time":0,"angle":-29.55},{"time":0.1666,"angle":317.93},{"time":0.2666,"angle":-29.55}],"translate":[{"time":0,"x":0,"y":0,"curve":"stepped"},{"time":0.2666,"x":0,"y":0}]},"leg 2":{"rotate":[{"time":0,"angle":-22.09},{"time":0.1666,"angle":324.97},{"time":0.2666,"angle":-22.09}],"translate":[{"time":0,"x":0,"y":0,"curve":"stepped"},{"time":0.2666,"x":0,"y":0}]},"leg1bottom":{"rotate":[{"time":0,"angle":-10.53},{"time":0.1666,"angle":-46.26},{"time":0.2666,"angle":-10.53}],"translate":[{"time":0,"x":0,"y":0,"curve":"stepped"},{"time":0.2666,"x":0,"y":0}]},"leg2bottom":{"rotate":[{"time":0,"angle":-16.03},{"time":0.1666,"angle":-28.36},{"time":0.2666,"angle":-16.03}],"translate":[{"time":0,"x":0,"y":0,"curve":"stepped"},{"time":0.2666,"x":0,"y":0}]},"root":{"rotate":[{"time":0,"angle":0,"curve":"stepped"},{"time":0.2666,"angle":0}],"translate":[{"time":0,"x":0,"y":0,"curve":"stepped"},{"time":0.2666,"x":0,"y":0}]},"gun":{"rotate":[{"time":0,"angle":0,"curve":"stepped"},{"time":0.2666,"angle":0}],"translate":[{"time":0,"x":0,"y":0,"curve":"stepped"},{"time":0.2666,"x":0,"y":0}]},"ear2":{"rotate":[{"time":0,"angle":37.84},{"time":0.1333,"angle":34.63},{"time":0.2666,"angle":37.84}],"translate":[{"time":0,"x":7.26,"y":0.55,"curve":"stepped"},{"time":0.2666,"x":7.26,"y":0.55}]},"ear1":{"rotate":[{"time":0,"angle":39.41},{"time":0.1333,"angle":36.2},{"time":0.2666,"angle":39.41}],"translate":[{"time":0,"x":-16.08,"y":-2.05,"curve":"stepped"},{"time":0.2666,"x":-16.08,"y":-2.05}]},"arm2bis":{"rotate":[{"time":0,"angle":5.27,"curve":"stepped"},{"time":0.2666,"angle":5.27}]}}},"spine-space-corgi-dive":{"slots":{"gun":{"attachment":[{"time":0,"name":"gun"}]}},"bones":{"head":{"rotate":[{"time":0,"angle":-11.14,"curve":"stepped"},{"time":0.3333,"angle":-11.14}],"translate":[{"time":0,"x":0,"y":0,"curve":"stepped"},{"time":0.3333,"x":0,"y":0}]},"torso":{"rotate":[{"time":0,"angle":-16.2},{"time":0.2333,"angle":-18.63},{"time":0.3333,"angle":-16.2}],"translate":[{"time":0,"x":-4.72,"y":0,"curve":"stepped"},{"time":0.3333,"x":-4.72,"y":0}]},"leg 2":{"rotate":[{"time":0,"angle":39.8},{"time":0.1666,"angle":19.71},{"time":0.3333,"angle":39.8}],"translate":[{"time":0,"x":0,"y":0,"curve":"stepped"},{"time":0.3333,"x":0,"y":0}]},"leg 1":{"rotate":[{"time":0,"angle":38.56},{"time":0.1666,"angle":30.13},{"time":0.3333,"angle":38.56}],"translate":[{"time":0,"x":0,"y":0,"curve":"stepped"},{"time":0.3333,"x":0,"y":0}]},"leg1bottom":{"rotate":[{"time":0,"angle":-25.88,"curve":"stepped"},{"time":0.3333,"angle":-25.88}],"translate":[{"time":0,"x":0,"y":0,"curve":"stepped"},{"time":0.3333,"x":0,"y":0}]},"leg2bottom":{"rotate":[{"time":0,"angle":-10.81,"curve":"stepped"},{"time":0.3333,"angle":-10.81}],"translate":[{"time":0,"x":0,"y":0,"curve":"stepped"},{"time":0.3333,"x":0,"y":0}]},"leftArm":{"rotate":[{"time":0,"angle":-3.04},{"time":0.1,"angle":-3.31},{"time":0.3333,"angle":-3.04}],"translate":[{"time":0,"x":0,"y":0,"curve":"stepped"},{"time":0.3333,"x":0,"y":0}]},"gun":{"rotate":[{"time":0,"angle":3.34,"curve":"stepped"},{"time":0.3333,"angle":3.34}],"translate":[{"time":0,"x":0,"y":0,"curve":"stepped"},{"time":0.3333,"x":0,"y":0}]},"ear1":{"rotate":[{"time":0,"angle":30.39},{"time":0.1666,"angle":44.65},{"time":0.3333,"angle":30.39}],"translate":[{"time":0,"x":-11.73,"y":-5.49,"curve":"stepped"},{"time":0.3333,"x":-11.73,"y":-5.49}]},"ear2":{"rotate":[{"time":0,"angle":18.7},{"time":0.1666,"angle":28.74},{"time":0.3333,"angle":18.7}],"translate":[{"time":0,"x":3.66,"y":1.71,"curve":"stepped"},{"time":0.3333,"x":3.66,"y":1.71}]},"root":{"rotate":[{"time":0,"angle":0,"curve":"stepped"},{"time":0.3333,"angle":0}],"translate":[{"time":0,"x":0,"y":0,"curve":"stepped"},{"time":0.3333,"x":0,"y":0}]}}},"spine-space-corgi-fall":{"slots":{"gun":{"attachment":[{"time":0,"name":"gun"}]}},"bones":{"leg 2":{"rotate":[{"time":0,"angle":54.41},{"time":0.3333,"angle":24.13}],"translate":[{"time":0,"x":0.51,"y":-17.47},{"time":0.3333,"x":0,"y":0}]},"leg2bottom":{"rotate":[{"time":0,"angle":-20.68},{"time":0.3333,"angle":0}]},"leg 1":{"rotate":[{"time":0.1333,"angle":320.61},{"time":0.3333,"angle":23.93}],"translate":[{"time":0.1333,"x":-0.25,"y":8.73},{"time":0.3333,"x":0,"y":0}]},"leg1bottom":{"rotate":[{"time":0,"angle":-37.01},{"time":0.3333,"angle":0}]},"leftArm":{"rotate":[{"time":0,"angle":10.66},{"time":0.3333,"angle":13.95}]},"head":{"rotate":[{"time":0,"angle":8.78},{"time":0.3333,"angle":-6.12}]},"ear2":{"rotate":[{"time":0,"angle":4.03},{"time":0.3333,"angle":0}]},"ear1":{"rotate":[{"time":0,"angle":21.28},{"time":0.3333,"angle":0}]},"torso":{"rotate":[{"time":0.1333,"angle":5.58},{"time":0.3333,"angle":-1.86}],"scale":[{"time":0.3333,"x":1,"y":1}]},"arm2bis":{"rotate":[{"time":0,"angle":34.03},{"time":0.3333,"angle":46.97}]}}},"spine-space-corgi-idle":{"slots":{"gun":{"attachment":[{"time":0,"name":"gun"}]}},"bones":{"leg 2":{"rotate":[{"time":0,"angle":4.02,"curve":[0.25,0,0.75,1]},{"time":0.5333,"angle":12,"curve":[0.25,0,0.75,1]},{"time":1,"angle":4.02}]},"leg2bottom":{"rotate":[{"time":0,"angle":-10.93,"curve":[0.25,0,0.75,1]},{"time":0.5333,"angle":-25.19,"curve":[0.25,0,0.75,1]},{"time":1,"angle":-10.93}]},"leg 1":{"rotate":[{"time":0,"angle":0,"curve":[0.25,0,0.75,1]},{"time":0.5333,"angle":4.45,"curve":[0.25,0,0.75,1]},{"time":1,"angle":0}]},"leg1bottom":{"rotate":[{"time":0,"angle":-5.29,"curve":[0.25,0,0.75,1]},{"time":0.5333,"angle":-18.58,"curve":[0.25,0,0.75,1]},{"time":1,"angle":-5.29}]},"torso":{"translate":[{"time":0,"x":0,"y":0,"curve":[0.25,0,0.75,1]},{"time":0.5333,"x":0,"y":-2.5,"curve":[0.25,0,0.75,1]},{"time":1,"x":0,"y":0}],"scale":[{"time":0,"x":1,"y":1,"curve":[0.25,0,0.75,1]},{"time":0.5333,"x":0.989,"y":1.01,"curve":[0.25,0,0.75,1]},{"time":1,"x":1,"y":1}]},"leftArm":{"rotate":[{"time":0,"angle":0,"curve":[0.25,0,0.75,1]},{"time":0.5333,"angle":-2.73,"curve":[0.25,0,0.75,1]},{"time":1,"angle":0}]},"ear1":{"rotate":[{"time":0,"angle":8.86,"curve":[0.25,0,0.75,1]},{"time":0.5333,"angle":5.11,"curve":[0.25,0,0.75,1]},{"time":1,"angle":8.86}]},"ear2":{"rotate":[{"time":0,"angle":-5.99,"curve":[0.25,0,0.75,1]},{"time":0.5333,"angle":-1.62,"curve":[0.25,0,0.75,1]},{"time":1,"angle":-5.99}]},"arm2bis":{"rotate":[{"time":0,"angle":0,"curve":[0.25,0,0.75,1]},{"time":0.5,"angle":-12.21,"curve":[0.25,0,0.75,1]},{"time":1,"angle":0}]}}},"spine-space-corgi-jetpack":{"slots":{"gun":{"attachment":[{"time":0,"name":"gun"}]}},"bones":{"torso":{"rotate":[{"time":0,"angle":-8.14,"curve":"stepped"},{"time":0.6666,"angle":-8.14}],"translate":[{"time":0,"x":0,"y":0,"curve":"stepped"},{"time":0.6666,"x":0,"y":0}]},"head":{"rotate":[{"time":0,"angle":6.54,"curve":[0.25,0,0.75,1]},{"time":0.5,"angle":9.1,"curve":[0.25,0,0.75,1]},{"time":0.6666,"angle":6.54}],"translate":[{"time":0,"x":0,"y":0,"curve":"stepped"},{"time":0.6666,"x":0,"y":0}]},"leg 2":{"rotate":[{"time":0,"angle":9.05,"curve":[0.25,0,0.75,1]},{"time":0.3333,"angle":1.98,"curve":[0.25,0,0.75,1]},{"time":0.6666,"angle":9.05}],"translate":[{"time":0,"x":2.39,"y":0.41,"curve":"stepped"},{"time":0.6666,"x":2.39,"y":0.41}]},"leg 1":{"rotate":[{"time":0,"angle":10.07,"curve":[0.25,0,0.75,1]},{"time":0.3333,"angle":-3.41,"curve":[0.25,0,0.75,1]},{"time":0.6666,"angle":10.07}],"translate":[{"time":0,"x":-5.57,"y":-0.97,"curve":"stepped"},{"time":0.6666,"x":-5.57,"y":-0.97}]},"gun":{"rotate":[{"time":0,"angle":5.31,"curve":"stepped"},{"time":0.6666,"angle":5.31}],"translate":[{"time":0,"x":0,"y":0,"curve":"stepped"},{"time":0.6666,"x":0,"y":0}]},"ear1":{"rotate":[{"time":0,"angle":8.39,"curve":[0.25,0,0.75,1]},{"time":0.3333,"angle":16.83,"curve":[0.25,0,0.75,1]},{"time":0.6666,"angle":8.39}],"translate":[{"time":0,"x":0,"y":0,"curve":"stepped"},{"time":0.6666,"x":0,"y":0}]},"ear2":{"rotate":[{"time":0,"angle":9.44,"curve":[0.25,0,0.75,1]},{"time":0.3333,"angle":13.85,"curve":[0.25,0,0.75,1]},{"time":0.6666,"angle":9.44}],"translate":[{"time":0,"x":0,"y":0,"curve":"stepped"},{"time":0.6666,"x":0,"y":0}]},"leg1bottom":{"rotate":[{"time":0,"angle":0,"curve":[0.25,0,0.75,1]},{"time":0.3333,"angle":-25.6,"curve":[0.25,0,0.75,1]},{"time":0.6666,"angle":0}],"translate":[{"time":0,"x":0,"y":0,"curve":"stepped"},{"time":0.6666,"x":0,"y":0}]},"root":{"rotate":[{"time":0,"angle":0,"curve":"stepped"},{"time":0.6666,"angle":0}],"translate":[{"time":0,"x":0,"y":0,"curve":"stepped"},{"time":0.6666,"x":0,"y":0}]},"leg2bottom":{"rotate":[{"time":0,"angle":0,"curve":[0.25,0,0.75,1]},{"time":0.3333,"angle":-24.87,"curve":[0.25,0,0.75,1]},{"time":0.6666,"angle":0}],"translate":[{"time":0,"x":0,"y":0,"curve":"stepped"},{"time":0.6666,"x":0,"y":0}]},"leftArm":{"rotate":[{"time":0,"angle":0,"curve":[0.242,0,0.679,0.71]},{"time":0.2666,"angle":0.75,"curve":[0.374,0.61,0.715,1]},{"time":0.6666,"angle":0}],"translate":[{"time":0,"x":0,"y":0,"curve":"stepped"},{"time":0.6666,"x":0,"y":0}]},"arm2bis":{"rotate":[{"time":0,"angle":11.37},{"time":0.2333,"angle":20.12},{"time":0.6666,"angle":11.37}]}}},"spine-space-corgi-jump":{"slots":{"gun":{"attachment":[{"time":0,"name":"gun"}]}},"bones":{"leg 2":{"rotate":[{"time":0,"angle":0},{"time":0.3333,"angle":54.41}],"translate":[{"time":0,"x":0,"y":0},{"time":0.3333,"x":0.51,"y":-17.47}]},"leg2bottom":{"rotate":[{"time":0,"angle":0},{"time":0.3333,"angle":-20.68}]},"leg 1":{"rotate":[{"time":0,"angle":0}],"translate":[{"time":0,"x":0,"y":0}]},"leg1bottom":{"rotate":[{"time":0,"angle":0},{"time":0.3333,"angle":-37.01}]},"leftArm":{"rotate":[{"time":0,"angle":0},{"time":0.3333,"angle":10.66}]},"head":{"rotate":[{"time":0,"angle":0},{"time":0.3333,"angle":8.78}]},"ear2":{"rotate":[{"time":0,"angle":0},{"time":0.3333,"angle":4.03}]},"ear1":{"rotate":[{"time":0,"angle":0},{"time":0.3333,"angle":21.28}]},"torso":{"rotate":[{"time":0,"angle":0}],"scale":[{"time":0,"x":1,"y":1},{"time":0.3,"x":1,"y":0.919}]},"arm2bis":{"translate":[{"time":0,"x":-2.06,"y":66.29}]}}},"spine-space-corgi-lookUp":{"slots":{"gun":{"attachment":[{"time":0,"name":"gun"}]}},"bones":{"torso":{"rotate":[{"time":0,"angle":0},{"time":0.3333,"angle":3.63}],"translate":[{"time":0,"x":0,"y":0}]},"leg2bottom":{"rotate":[{"time":0,"angle":0},{"time":0.3333,"angle":-4.5}],"translate":[{"time":0,"x":0,"y":0}]},"leg 2":{"rotate":[{"time":0,"angle":0}],"translate":[{"time":0,"x":0,"y":0}]},"leg1bottom":{"rotate":[{"time":0,"angle":0}],"translate":[{"time":0,"x":0,"y":0}]},"leg 1":{"rotate":[{"time":0,"angle":0},{"time":0.3333,"angle":354.53}],"translate":[{"time":0,"x":0,"y":0}]},"gun":{"rotate":[{"time":0,"angle":0}],"translate":[{"time":0,"x":0,"y":0}]},"leftArm":{"rotate":[{"time":0,"angle":0},{"time":0.3333,"angle":16.59}],"translate":[{"time":0,"x":0,"y":0},{"time":0.3333,"x":-30.71,"y":-0.97}]},"ear2":{"rotate":[{"time":0,"angle":0},{"time":0.3333,"angle":-31.01}],"translate":[{"time":0,"x":0,"y":0}]},"ear1":{"rotate":[{"time":0,"angle":0},{"time":0.3333,"angle":49.99}],"translate":[{"time":0,"x":0,"y":0},{"time":0.3333,"x":-13.44,"y":-28.58}]},"head":{"rotate":[{"time":0,"angle":0},{"time":0.3333,"angle":19.29}],"translate":[{"time":0,"x":0,"y":0}]},"arm2bis":{"rotate":[{"time":0,"angle":-5.45},{"time":0.3333,"angle":22.22}]}}},"spine-space-corgi-melee":{"slots":{"arm2":{"attachment":[{"time":0,"name":"empty"}]},"gun":{"attachment":[{"time":0,"name":"empty"}]},"meleeWeapon":{"attachment":[{"time":0,"name":"meleeWeapon"}]},"meleeWeaponEffect":{"attachment":[{"time":0,"name":"meleeWeaponEffect"}]}},"bones":{"meleeWeapon":{"rotate":[{"time":0,"angle":0},{"time":0.1333,"angle":-9.14},{"time":0.3,"angle":-33.98},{"time":0.4333,"angle":0}],"translate":[{"time":0,"x":0,"y":0},{"time":0.3,"x":-0.44,"y":-7.6},{"time":0.4333,"x":0,"y":0}]},"arm2":{"rotate":[{"time":0,"angle":0}],"translate":[{"time":0,"x":0,"y":0}]},"gun":{"rotate":[{"time":0,"angle":0}],"translate":[{"time":0,"x":0,"y":0}]},"root":{"rotate":[{"time":0,"angle":0}],"translate":[{"time":0,"x":0,"y":0}]},"leg2bottom":{"rotate":[{"time":0,"angle":0},{"time":0.2333,"angle":-34.07}],"translate":[{"time":0,"x":0,"y":0}]},"leg 2":{"rotate":[{"time":0,"angle":0},{"time":0.2333,"angle":49.81},{"time":0.4333,"angle":31.74}],"translate":[{"time":0,"x":0,"y":0}]},"leg 1":{"rotate":[{"time":0,"angle":0},{"time":0.4333,"angle":331.25}],"translate":[{"time":0,"x":0,"y":0}]},"leftArm":{"rotate":[{"time":0,"angle":0},{"time":0.1666,"angle":70.71},{"time":0.3,"angle":-26.41},{"time":0.4333,"angle":-28.87}],"translate":[{"time":0,"x":0,"y":0}]},"ear2":{"rotate":[{"time":0,"angle":0}],"translate":[{"time":0,"x":0,"y":0}]},"ear1":{"rotate":[{"time":0,"angle":0}],"translate":[{"time":0,"x":0,"y":0}]},"head":{"rotate":[{"time":0,"angle":0},{"time":0.1,"angle":4.17},{"time":0.4333,"angle":-4.4}],"translate":[{"time":0,"x":0,"y":0}]},"arm2bis":{"rotate":[{"time":0,"angle":0},{"time":0.2333,"angle":35.7},{"time":0.4333,"angle":-32.45}],"translate":[{"time":0,"x":0,"y":0}]},"torso":{"rotate":[{"time":0,"angle":0},{"time":0.2666,"angle":-11.58},{"time":0.4333,"angle":0}],"translate":[{"time":0,"x":0,"y":0,"curve":"stepped"},{"time":0.4333,"x":0,"y":0}]},"leg1bottom":{"rotate":[{"time":0.4333,"angle":-33.73}]}}},"spine-space-corgi-run":{"slots":{"gun":{"attachment":[{"time":0,"name":"gun"}]},"meleeWeapon":{"attachment":[{"time":0,"name":"empty"}]}},"bones":{"leg 1":{"rotate":[{"time":0,"angle":-42.79,"curve":[0.25,0,0.75,1]},{"time":0.2333,"angle":310.15,"curve":[0.25,0,0.75,1]},{"time":0.5,"angle":41.05,"curve":[0.25,0,0.75,1]},{"time":0.7333,"angle":13.19,"curve":[0.25,0,0.75,1]},{"time":1,"angle":-42.79}],"translate":[{"time":0,"x":0,"y":0,"curve":"stepped"},{"time":1,"x":0,"y":0}]},"leg1bottom":{"rotate":[{"time":0,"angle":-54.88,"curve":[0.25,0,0.75,1]},{"time":0.2333,"angle":-43.23,"curve":[0.25,0,0.75,1]},{"time":0.5,"angle":4.93,"curve":[0.25,0,0.75,1]},{"time":0.7333,"angle":4.16,"curve":[0,0.6,0.446,1]},{"time":1,"angle":-54.88}],"translate":[{"time":0,"x":0,"y":0,"curve":"stepped"},{"time":1,"x":0,"y":0}]},"leg 2":{"rotate":[{"time":0,"angle":40.87,"curve":[0.25,0,0.75,1]},{"time":0.5,"angle":319.81,"curve":[0.25,0,0.75,1]},{"time":0.7333,"angle":325.71,"curve":[0.25,0,0.75,1]},{"time":1,"angle":40.87}],"translate":[{"time":0,"x":0,"y":0,"curve":"stepped"},{"time":1,"x":0,"y":0}]},"torso":{"rotate":[{"time":0,"angle":0,"curve":"stepped"},{"time":1,"angle":0}],"translate":[{"time":0,"x":0,"y":42.51,"curve":[0.577,0,0.996,0.49]},{"time":0.2666,"x":0,"y":-2.36,"curve":[0,0.85,0.198,0.99]},{"time":0.5,"x":0,"y":42.51,"curve":[0.577,0,0.996,0.49]},{"time":0.7666,"x":0,"y":-2.36,"curve":[0,0.8,0.072,0.99]},{"time":1,"x":0,"y":42.51}],"scale":[{"time":0,"x":1,"y":1,"curve":[0.25,0,0.75,1]},{"time":0.2666,"x":0.962,"y":1.047,"curve":[0.25,0,0.75,1]},{"time":0.5,"x":1,"y":1,"curve":[0.25,0,0.75,1]},{"time":0.7666,"x":0.962,"y":1.047,"curve":[0.25,0,0.75,1]},{"time":1,"x":1,"y":1}]},"leg2bottom":{"rotate":[{"time":0,"angle":0,"curve":[0.25,0,0.75,1]},{"time":0.2333,"angle":3.38,"curve":[0,0.55,0.39,1]},{"time":0.5,"angle":-76.65,"curve":[0.25,0,0.75,1]},{"time":0.7333,"angle":-58.88,"curve":[0.25,0,0.75,1]},{"time":1,"angle":0}],"translate":[{"time":0,"x":0,"y":0,"curve":"stepped"},{"time":1,"x":0,"y":0}]},"leftArm":{"rotate":[{"time":0,"angle":0},{"time":0.2333,"angle":-1.05},{"time":0.6666,"angle":-5.42},{"time":1,"angle":0}],"translate":[{"time":0,"x":0,"y":0},{"time":0.6333,"x":-1.04,"y":-0.03},{"time":1,"x":0,"y":0}]},"head":{"rotate":[{"time":0,"angle":0},{"time":0.2333,"angle":-3.18},{"time":0.5,"angle":0},{"time":0.7666,"angle":-3.18},{"time":1,"angle":0}],"translate":[{"time":0,"x":0,"y":0,"curve":"stepped"},{"time":0.5,"x":0,"y":0,"curve":"stepped"},{"time":1,"x":0,"y":0}]},"gun":{"rotate":[{"time":0,"angle":0},{"time":0.2333,"angle":-3.74},{"time":0.5,"angle":0},{"time":0.6666,"angle":-0.72},{"time":1,"angle":0}],"translate":[{"time":0,"x":0,"y":0,"curve":"stepped"},{"time":0.5,"x":0,"y":0,"curve":"stepped"},{"time":1,"x":0,"y":0}]},"ear1":{"rotate":[{"time":0,"angle":0,"curve":[0.516,-0.01,1,0.41]},{"time":0.2333,"angle":11.56},{"time":0.5,"angle":0,"curve":[0.531,0,1,0.49]},{"time":0.7666,"angle":11.56},{"time":1,"angle":0}],"translate":[{"time":0,"x":0,"y":0,"curve":"stepped"},{"time":0.5,"x":0,"y":0,"curve":"stepped"},{"time":1,"x":0,"y":0}]},"ear2":{"rotate":[{"time":0,"angle":0,"curve":[1,0,1,0.59]},{"time":0.2333,"angle":-10.97,"curve":[0.25,0,0.75,1]},{"time":0.5,"angle":0,"curve":[0.687,0,1,0.48]},{"time":0.7666,"angle":-10.97,"curve":[0.25,0,0.75,1]},{"time":1,"angle":0}],"translate":[{"time":0,"x":0,"y":0,"curve":"stepped"},{"time":0.5,"x":0,"y":0,"curve":"stepped"},{"time":1,"x":0,"y":0}]},"arm2bis":{"rotate":[{"time":0,"angle":2.41},{"time":0.2666,"angle":-21.9},{"time":0.4666,"angle":-10.98},{"time":0.6333,"angle":-26.97},{"time":1,"angle":2.41}]}}},"spine-space-corgi-shoot":{"slots":{"gun":{"attachment":[{"time":0,"name":"gun"}]}},"bones":{"torso":{"rotate":[{"time":0,"angle":0,"curve":"stepped"},{"time":0.8333,"angle":0}],"translate":[{"time":0,"x":0,"y":0,"curve":"stepped"},{"time":0.8333,"x":0,"y":0}]},"leg2bottom":{"rotate":[{"time":0,"angle":0,"curve":"stepped"},{"time":0.8333,"angle":0}],"translate":[{"time":0,"x":0,"y":0,"curve":"stepped"},{"time":0.8333,"x":0,"y":0}]},"leg 2":{"rotate":[{"time":0,"angle":0,"curve":"stepped"},{"time":0.8333,"angle":0}],"translate":[{"time":0,"x":0,"y":0,"curve":"stepped"},{"time":0.8333,"x":0,"y":0}]},"leg1bottom":{"rotate":[{"time":0,"angle":0,"curve":"stepped"},{"time":0.8333,"angle":0}],"translate":[{"time":0,"x":0,"y":0,"curve":"stepped"},{"time":0.8333,"x":0,"y":0}]},"leg 1":{"rotate":[{"time":0,"angle":0,"curve":"stepped"},{"time":0.8333,"angle":0}],"translate":[{"time":0,"x":0,"y":0,"curve":"stepped"},{"time":0.8333,"x":0,"y":0}]},"gun":{"rotate":[{"time":0,"angle":0},{"time":0.0333,"angle":1.83},{"time":0.2,"angle":-2.35},{"time":0.6,"angle":3.42},{"time":0.8333,"angle":0}],"translate":[{"time":0,"x":0,"y":0,"curve":"stepped"},{"time":0.8333,"x":0,"y":0}]},"leftArm":{"rotate":[{"time":0,"angle":0},{"time":0.0333,"angle":17.38},{"time":0.2333,"angle":12.8,"curve":"stepped"},{"time":0.6333,"angle":12.8},{"time":0.8333,"angle":0}],"translate":[{"time":0,"x":0,"y":0,"curve":"stepped"},{"time":0.8333,"x":0,"y":0}]},"ear2":{"rotate":[{"time":0,"angle":0},{"time":0.0333,"angle":13.71},{"time":0.4333,"angle":0,"curve":"stepped"},{"time":0.8333,"angle":0}],"translate":[{"time":0,"x":0,"y":0,"curve":"stepped"},{"time":0.8333,"x":0,"y":0}]},"ear1":{"rotate":[{"time":0,"angle":0},{"time":0.0333,"angle":30.07},{"time":0.4333,"angle":0,"curve":"stepped"},{"time":0.8333,"angle":0}],"translate":[{"time":0,"x":0,"y":0,"curve":"stepped"},{"time":0.8333,"x":0,"y":0}]},"head":{"rotate":[{"time":0,"angle":0},{"time":0.0333,"angle":6.67},{"time":0.8333,"angle":0}],"translate":[{"time":0,"x":0,"y":0,"curve":"stepped"},{"time":0.8333,"x":0,"y":0}]},"arm2":{"translate":[{"time":0.2666,"x":0,"y":0},{"time":0.3666,"x":-19.42,"y":-2.99},{"time":0.4333,"x":0,"y":0}]},"arm2bis":{"translate":[{"time":0,"x":-1.95,"y":61.72}]}}},"spine-space-corgi-shootDiagonalDown":{"slots":{"gun":{"attachment":[{"time":0,"name":"gun"}]}},"bones":{"leftArm":{"rotate":[{"time":0,"angle":-11.45}],"translate":[{"time":0,"x":17.35,"y":-3.08}]},"head":{"rotate":[{"time":0,"angle":-11.45}],"translate":[{"time":0,"x":5.5,"y":-1.64}]},"gun":{"rotate":[{"time":0,"angle":-10.49}],"scale":[{"time":0,"x":0.922,"y":1}]},"torso":{"rotate":[{"time":0,"angle":-18.79}]},"leg 1":{"rotate":[{"time":0,"angle":10.5}]},"leg 2":{"rotate":[{"time":0,"angle":16.15}]},"arm2bis":{"rotate":[{"time":0,"angle":-36.15}],"translate":[{"time":0,"x":34.92,"y":32.1}]}}},"spine-space-corgi-shootDiagonalUp":{"slots":{"gun":{"attachment":[{"time":0,"name":"gun"}]}},"bones":{"leftArm":{"rotate":[{"time":0,"angle":65.47}]},"head":{"rotate":[{"time":0,"angle":23.3}]},"gun":{"rotate":[{"time":0,"angle":-26.58}]},"arm2bis":{"translate":[{"time":0,"x":-1.87,"y":59.19}]}}},"spine-space-corgi-shootDown":{"slots":{"gun":{"attachment":[{"time":0,"name":"gun"}]}},"bones":{"head":{"rotate":[{"time":0,"angle":-22.8}]},"gun":{"rotate":[{"time":0,"angle":-26.88}]},"torso":{"rotate":[{"time":0,"angle":-49.96}],"translate":[{"time":0,"x":-30.87,"y":0}]},"leg 1":{"rotate":[{"time":0,"angle":326.95}]},"arm2bis":{"translate":[{"time":0,"x":39.78,"y":50.51}]}}},"spine-space-corgi-shootUp":{"slots":{"gun":{"attachment":[{"time":0,"name":"gun"}]}},"bones":{"leftArm":{"rotate":[{"time":0,"angle":87.55}],"translate":[{"time":0,"x":1.55,"y":-49}]},"head":{"rotate":[{"time":0,"angle":36.14}],"translate":[{"time":0,"x":24.56,"y":-1.03}]},"arm2bis":{"translate":[{"time":0,"x":19.85,"y":94.58}]}}},"spine-space-corgi-walk":{"slots":{"gun":{"attachment":[{"time":0,"name":"gun"}]}},"bones":{"leg 2":{"rotate":[{"time":0,"angle":34.39,"curve":[0.25,0,0.75,1]},{"time":0.0666,"angle":27.89,"curve":[0.25,0,0.75,1]},{"time":0.1333,"angle":0.88,"curve":[0.25,0,0.75,1]},{"time":0.2666,"angle":330.33,"curve":[0.25,0,0.75,1]},{"time":0.4666,"angle":13.4,"curve":[0.25,0,0.75,1]},{"time":0.6,"angle":39.32,"curve":[0.25,0,0.75,1]},{"time":0.7333,"angle":34.39}]},"leg2bottom":{"rotate":[{"time":0,"angle":7.73,"curve":[0.25,0,0.75,1]},{"time":0.0666,"angle":-14.99,"curve":[0.25,0,0.75,1]},{"time":0.1333,"angle":2.46,"curve":[0.25,0,0.75,1]},{"time":0.2333,"angle":5.26,"curve":[0.25,0,0.75,1]},{"time":0.4,"angle":-50.5,"curve":[0.25,0,0.75,1]},{"time":0.4666,"angle":-78.85,"curve":[0.25,0,0.75,1]},{"time":0.6,"angle":-82.3,"curve":[0.25,0,0.75,1]},{"time":0.7333,"angle":7.73}]},"leg 1":{"rotate":[{"time":0,"angle":-14.43,"curve":[0.25,0,0.75,1]},{"time":0.0666,"angle":9.27,"curve":[0.25,0,0.75,1]},{"time":0.2666,"angle":44.55,"curve":[0.25,0,0.75,1]},{"time":0.4,"angle":44.99,"curve":[0.25,0,0.75,1]},{"time":0.7333,"angle":-14.43}]},"leg1bottom":{"rotate":[{"time":0,"angle":-19.05,"curve":[0.25,0,0.75,1]},{"time":0.0666,"angle":-58.08,"curve":[0.25,0,0.75,1]},{"time":0.1333,"angle":-66.37,"curve":[0.25,0,0.75,1]},{"time":0.2,"angle":-53.24,"curve":[0.25,0,0.75,1]},{"time":0.3333,"angle":1.48,"curve":[0.25,0,0.75,1]},{"time":0.6666,"angle":-19.05}]},"torso":{"translate":[{"time":0,"x":0,"y":-1.8,"curve":[0.25,0,0.75,1]},{"time":0.1,"x":0,"y":-2.39,"curve":[0.25,0,0.75,1]},{"time":0.3333,"x":0,"y":1.2,"curve":[0.25,0,0.75,1]},{"time":0.5,"x":0,"y":-4.1,"curve":[0.25,0,0.75,1]},{"time":0.6666,"x":0,"y":1.2,"curve":[0.25,0,0.75,1]},{"time":0.7333,"x":0,"y":-1.8}]},"head":{"rotate":[{"time":0,"angle":2.65,"curve":[0.25,0,0.75,1]},{"time":0.3666,"angle":-2.73,"curve":[0.25,0,0.75,1]},{"time":0.7333,"angle":2.65}],"translate":[{"time":0,"x":0,"y":0,"curve":[0.25,0,0.75,1]},{"time":0.3666,"x":1.71,"y":0.05,"curve":[0.25,0,0.75,1]},{"time":0.4666,"x":-0.46,"y":-0.01,"curve":[0.25,0,0.75,1]},{"time":0.7333,"x":0,"y":0}]},"ear1":{"rotate":[{"time":0,"angle":0,"curve":[0.25,0,0.75,1]},{"time":0.4666,"angle":9.71,"curve":[0.25,0,0.75,1]},{"time":0.7333,"angle":0}]},"ear2":{"rotate":[{"time":0,"angle":-1.34,"curve":[0.25,0,0.75,1]},{"time":0.4,"angle":4.8,"curve":[0.25,0,0.75,1]},{"time":0.7333,"angle":-1.34}]},"leftArm":{"rotate":[{"time":0,"angle":0,"curve":[0.25,0,0.75,1]},{"time":0.3333,"angle":-2.84,"curve":[0.25,0,0.75,1]},{"time":0.7333,"angle":0}]},"gun":{"rotate":[{"time":0,"angle":0,"curve":[0.25,0,0.75,1]},{"time":0.4,"angle":-1.04,"curve":[0.25,0,0.75,1]},{"time":0.7333,"angle":0}]},"arm2bis":{"rotate":[{"time":0,"angle":3.31},{"time":0.3,"angle":-9.46,"curve":[0.25,0,0.75,1]},{"time":0.7333,"angle":3.31}]}}},"spine-space-corgi-wallClinging":{"slots":{"gun":{"attachment":[{"time":0,"name":"gun"}]}},"bones":{"head":{"rotate":[{"time":0,"angle":-40.06},{"time":0.1666,"angle":-46.22},{"time":0.3333,"angle":-40.06}],"translate":[{"time":0,"x":1.81,"y":21.2},{"time":0.1666,"x":2.35,"y":21.86},{"time":0.3333,"x":1.81,"y":21.2}],"flipX":[{"time":0,"x":true},{"time":0.3333,"x":true}]},"torso":{"rotate":[{"time":0,"angle":25.59},{"time":0.1666,"angle":27.55},{"time":0.3333,"angle":25.59}],"translate":[{"time":0,"x":34.17,"y":4.55,"curve":"stepped"},{"time":0.3333,"x":34.17,"y":4.55}]},"gun":{"rotate":[{"time":0,"angle":18.5},{"time":0.1666,"angle":16.74},{"time":0.3333,"angle":18.5}]},"leg 1":{"rotate":[{"time":0,"angle":26.03},{"time":0.1666,"angle":15.28},{"time":0.3333,"angle":26.03}]},"leg1bottom":{"rotate":[{"time":0,"angle":-27.21},{"time":0.1666,"angle":-10.94},{"time":0.3333,"angle":-27.21}]},"leg 2":{"rotate":[{"time":0,"angle":18.64},{"time":0.1666,"angle":32.98},{"time":0.3333,"angle":18.64}]},"leg2bottom":{"rotate":[{"time":0,"angle":-23.45},{"time":0.1666,"angle":-40.72},{"time":0.3333,"angle":-23.45}]},"arm2bis":{"translate":[{"time":0,"x":23.22,"y":50.77}]}}}}}