{"skeleton":{"hash":"fwGkcMArgj/hkp+qvmfqxb30ssw","spine":"2.1.10","width":847.8,"height":1285.96,"images":"./images/"},"bones":[{"name":"root"},{"name":"body","parent":"root","length":431.91,"x":31.3,"y":445.53,"rotation":81.93},{"name":"left foot2","parent":"root","x":-0.57,"y":7.08,"color":"ff3f00ff"},{"name":"left hand","parent":"root","x":-313.92,"y":97.66,"color":"ff3f00ff"},{"name":"left leg","parent":"root","x":-100.96,"y":17.91,"color":"ff3f00ff"},{"name":"right foot","parent":"root","x":199.01,"y":5.9,"rotation":-12.74,"color":"ff3f00ff"},{"name":"right hand","parent":"root","x":274.17,"y":123.77,"color":"ff3f00ff"},{"name":"right leg","parent":"root","x":134.05,"y":18.89,"color":"ff3f00ff"},{"name":"head","parent":"body","length":183.78,"x":479.29,"y":119.29,"rotation":-59.66},{"name":"left arm top","parent":"body","length":327.88,"x":326.19,"y":345.46,"rotation":-178.64},{"name":"left leg top","parent":"body","length":198.52,"x":-16.78,"y":136.41,"rotation":-160.38},{"name":"light","parent":"body","x":248.17,"y":-81.57},{"name":"right arm top","parent":"body","length":286.09,"x":406.51,"y":-201.86,"rotation":-175.98},{"name":"right leg top","parent":"body","length":220.67,"x":17.65,"y":-92.92,"rotation":-149.28},{"name":"eyes","parent":"head","length":144.15,"x":51.18,"y":37.74,"rotation":-20.3},{"name":"left arm bottom","parent":"left arm top","length":303.58,"x":327.88,"y":0.25,"rotation":-0.92},{"name":"left ear","parent":"head","length":139.53,"x":24.53,"y":103.53,"rotation":70.43},{"name":"left leg bottom","parent":"left leg top","length":258.32,"x":198.53,"y":1.48,"rotation":-35.76},{"name":"right arm bottom","parent":"right arm top","length":310.06,"x":286.09,"y":-1.93,"rotation":3.17},{"name":"right ear","parent":"head","length":126.41,"x":174.16,"y":57.57,"rotation":69.08},{"name":"right leg bottom","parent":"right leg top","length":244.57,"x":220.69,"y":1.35,"rotation":-43.84},{"name":"hand","parent":"right arm bottom","length":73.03,"x":305.96,"y":-0.99,"rotation":0.45},{"name":"left foot","parent":"left leg bottom","length":86.42,"x":258.31,"y":-0.4,"rotation":108.84},{"name":"right leg foot","parent":"right leg bottom","length":70.87,"x":244.53,"y":-0.27,"rotation":100.34}],"ik":[{"name":"left hand","bones":["left arm top","left arm bottom"],"target":"left hand"},{"name":"left leg","bones":["left leg top","left leg bottom"],"target":"left leg","bendPositive":false},{"name":"right hand","bones":["right arm top","right arm bottom"],"target":"right hand"},{"name":"right leg","bones":["right leg top","right leg bottom"],"target":"right leg","bendPositive":false},{"name":"left foot","bones":["left foot"],"target":"left foot2"},{"name":"right foot","bones":["right leg foot"],"target":"right foot"}],"slots":[{"name":"right arm","bone":"right arm top","attachment":"right arm"},{"name":"right hand","bone":"hand","attachment":"right hand"},{"name":"right foot","bone":"right leg foot","attachment":"right foot"},{"name":"right leg top","bone":"right leg top","attachment":"right leg top"},{"name":"right leg bottom","bone":"right leg bottom","attachment":"right leg bottom"},{"name":"body","bone":"body","attachment":"body"},{"name":"light","bone":"light","attachment":"light"},{"name":"gem","bone":"body","attachment":"gem"},{"name":"left foot","bone":"left foot","attachment":"left foot"},{"name":"left leg top","bone":"left leg top","attachment":"left leg top"},{"name":"left leg bottom","bone":"left leg bottom","attachment":"left leg bottom"},{"name":"ear1","bone":"left ear","attachment":"ear1"},{"name":"ear2","bone":"right ear","attachment":"ear2"},{"name":"head","bone":"head","attachment":"head"},{"name":"nose","bone":"head","attachment":"nose"},{"name":"eyes","bone":"eyes","attachment":"eyes"},{"name":"collar","bone":"body","attachment":"collar"},{"name":"left hand","bone":"left arm bottom","attachment":"left hand"},{"name":"left arm","bone":"left arm top","attachment":"left arm"}],"skins":{"default":{"body":{"body":{"x":273.97,"y":78.18,"rotation":-81.93,"width":769,"height":713}},"collar":{"collar":{"x":596.71,"y":102.76,"rotation":-81.93,"width":487,"height":459}},"ear1":{"ear1":{"x":61.79,"y":8.19,"rotation":-92.7,"width":108,"height":224}},"ear2":{"ear2":{"x":47.06,"y":-4.6,"rotation":-91.35,"width":99,"height":224}},"eyes":{"eyes":{"x":69.81,"y":-0.28,"rotation":-1.95,"width":179,"height":42}},"gem":{"gem":{"x":244.47,"y":-76.99,"rotation":-81.93,"width":58,"height":61}},"head":{"head":{"x":81.08,"y":22.92,"rotation":-22.26,"width":342,"height":203}},"left arm":{"left arm":{"type":"skinnedmesh","uvs":[0,0.76111,0.00786,0.83454,0.04969,0.90448,0.13336,0.95868,0.31464,0.99889,0.73764,1,0.85849,0.94644,0.9654,0.87476,1,0.76811,1,0.70167,1,0.62998,0.98864,0.56005,0.99794,0.49536,0.984,0.41668,0.97935,0.33101,0.9654,0.26108,0.9654,0.16666,0.94681,0.09323,0.6958,0,0.30535,0,0.10082,0.06001,0,0.16142,0,0.20688,0,0.26282,0,0.31003,0,0.38521,0,0.43941,0,0.5041,0,0.55306,0,0.62474,0,0.67894],"triangles":[30,29,10,29,11,10,29,28,11,1,0,8,0,9,8,0,30,9,30,10,9,5,4,6,4,3,6,3,2,6,6,2,7,2,1,7,7,1,8,24,15,14,24,23,15,23,22,15,22,16,15,22,17,16,22,21,17,21,20,17,20,18,17,20,19,18,28,27,12,27,26,12,26,13,12,26,25,13,25,14,13,25,24,14,11,28,12],"vertices":[1,15,178.7,-105.45,1,2,9,560.77,-99.43,1.1E-4,15,234.46,-95.92,0.99988,2,9,612.85,-81.55,4.0E-5,15,286.25,-77.21,0.99995,2,9,651.69,-53.05,1.0E-5,15,324.61,-48.08,0.99998,2,9,676.89,2.42,0,15,348.92,7.78,0.99999,1,15,334.81,129.64,1,1,15,289.47,159.45,1,1,15,230.55,183.48,1,2,9,478.26,180.81,0.0204,15,147.44,182.95,0.97959,2,9,427.36,175.1,0.0863,15,96.64,176.42,0.91369,2,9,372.27,169.28,0.25207,15,41.65,169.71,0.74792,2,9,318.34,160.31,0.51535,15,-12.11,159.88,0.48464,2,9,267.4,156.98,0.76099,15,-63,155.72,0.239,2,9,207.08,144.6,0.93789,15,-123.11,142.37,0.0621,2,9,142.38,134.24,0.99739,15,-187.64,130.98,0.0026,1,9,90.38,123.86,1,1,9,18.92,116.25,1,1,9,-36.56,104.98,1,1,9,-100.16,24.91,1,1,9,-87.96,-87.65,1,1,9,-35.57,-141.63,1,1,9,45.54,-162.42,1,1,9,80.68,-158.72,1,1,9,124.28,-154,1,2,9,161.17,-149.63,0.99884,15,-164.27,-152.56,0.00115,2,9,219.5,-141.8,0.96592,15,-106.08,-143.78,0.03407,2,9,260.86,-135.89,0.88078,15,-64.81,-137.21,0.11921,2,9,309.44,-129.33,0.6637,15,-16.35,-129.87,0.33629,2,9,346.12,-125.01,0.42997,15,20.25,-124.96,0.57002,2,9,400.32,-119.38,0.13742,15,74.35,-118.45,0.86257,2,9,448.51,-114.36,0.02142,15,122.45,-112.66,0.97857],"hull":31,"edges":[0,2,2,4,4,6,6,8,8,10,10,12,12,14,14,16,16,18,18,20,20,22,22,24,24,26,26,28,28,30,30,32,32,34,34,36,36,38,38,40,40,42,42,44,44,46,46,48,48,50,50,52,52,54,54,56,56,58,58,60,0,60,60,18,20,58,56,22,22,58,54,24,24,56,52,24,26,52,50,28,28,48,46,30,30,44,44,32,42,34,34,40,40,36,0,18,0,16,16,2,2,14,50,26,4,14,6,12],"width":290,"height":771}},"left foot":{"left foot":{"x":28.41,"y":2.99,"rotation":5.38,"width":161,"height":45}},"left hand":{"left hand":{"x":292.56,"y":54.55,"rotation":97.34,"width":225,"height":160}},"left leg bottom":{"left leg bottom":{"x":123.09,"y":-15.06,"rotation":114.22,"width":220,"height":277}},"left leg top":{"left leg top":{"x":99.94,"y":3.04,"rotation":78.45,"width":100,"height":225}},"light":{"light":{"x":-9.07,"y":10.38,"rotation":-81.93,"width":301,"height":312}},"nose":{"nose":{"x":115.27,"y":-32.13,"rotation":-22.26,"width":63,"height":79}},"right arm":{"right arm":{"type":"skinnedmesh","uvs":[0.02247,0.18145,0.04623,0.08136,0.34559,0,0.68771,0,0.98707,0.09745,1,0.20111,0.99658,0.244,0.99658,0.3012,1,0.37269,0.99658,0.42988,0.98707,0.47993,0.99182,0.52997,1,0.58716,1,0.66044,1,0.723,1,0.80521,0.87778,0.96607,0.55467,1,0.26006,1,0,0.88564,0,0.75517,0,0.67653,0.00347,0.62827,0.00822,0.58359,0.00347,0.50852,0.00347,0.43703,0.01297,0.37984,0.01297,0.32979,0.01297,0.25473],"triangles":[16,17,19,17,18,19,16,19,15,19,20,15,20,14,15,20,21,14,21,13,14,21,22,13,22,23,13,23,12,13,23,11,12,23,24,11,24,10,11,24,25,10,10,25,9,25,26,9,9,26,8,26,27,8,27,7,8,27,28,7,28,6,7,28,0,6,6,0,5,0,4,5,0,3,4,0,1,3,1,2,3],"vertices":[1,12,31.25,-169.09,1,2,12,-46.2,-167.64,0.99996,18,-340.98,-146.98,3.0E-5,2,12,-114.88,-85.45,0.99998,18,-404.99,-61.1,1.0E-5,2,12,-121.86,13.51,0.99999,18,-406.46,38.09,0,2,12,-53.01,105.39,0.99999,18,-332.61,126.01,0,1,12,26.44,114.75,1,1,12,59.5,116.08,1,1,12,103.49,119.18,1,2,12,158.4,124.05,0.98457,18,-120.48,132.89,0.01542,2,12,202.46,126.16,0.90407,18,-76.37,132.55,0.09592,2,12,241.14,126.12,0.73748,18,-37.75,130.36,0.26251,2,12,279.53,130.21,0.49854,18,0.8,132.31,0.50145,2,12,323.35,135.68,0.23987,18,44.85,135.33,0.76012,2,12,379.71,139.65,0.05711,18,101.35,136.16,0.94288,2,12,427.82,143.04,0.00676,18,149.57,136.88,0.99323,1,18,212.95,137.81,1,1,18,337.48,104.21,1,1,18,365.02,10.9,1,1,18,366.28,-74.52,1,1,18,279.24,-151.23,1,2,12,472.96,-144.49,0.00515,18,178.65,-152.72,0.99484,2,12,412.47,-148.75,0.05993,18,118.03,-153.61,0.94006,2,12,375.29,-150.36,0.14308,18,80.81,-153.15,0.85691,2,12,340.83,-151.41,0.26943,18,46.34,-152.29,0.73056,2,12,283.19,-156.85,0.55296,18,-11.49,-154.52,0.44703,2,12,228.21,-160.73,0.79184,18,-66.61,-155.33,0.20815,2,12,184.03,-161.08,0.91728,18,-110.74,-153.23,0.08271,2,12,145.54,-163.79,0.97205,18,-149.32,-153.8,0.02794,2,12,87.81,-167.86,0.99839,18,-207.19,-154.65,0.0016],"hull":29,"edges":[0,2,2,4,4,6,6,8,8,10,10,12,12,14,14,16,16,18,18,20,20,22,22,24,24,26,26,28,28,30,30,32,32,34,34,36,36,38,38,40,40,42,42,44,44,46,46,48,48,50,50,52,52,54,54,56,0,56,0,10,40,28,30,38,56,12,14,54,52,16,18,50,48,22,48,20,24,46,44,26,42,26,54,16,0,8,2,6,38,32],"width":290,"height":771}},"right foot":{"right foot":{"x":13.72,"y":2.49,"rotation":10.85,"width":161,"height":45}},"right hand":{"right hand":{"x":11.33,"y":-30.49,"rotation":90.7,"width":194,"height":161}},"right leg bottom":{"right leg bottom":{"x":114.44,"y":-21.22,"rotation":111.19,"width":220,"height":277}},"right leg top":{"right leg top":{"x":112.8,"y":2.51,"rotation":67.27,"width":139,"height":217}}}},"animations":{"idle":{"slots":{"light":{"color":[{"time":0,"color":"ffffffff","curve":[0.25,0,0.75,1]},{"time":0.3333,"color":"ffffff00","curve":[0.25,0,0.75,1]},{"time":0.6666,"color":"ffffffff"},{"time":1,"color":"ffffff00","curve":[0.25,0,0.75,1]},{"time":1.3333,"color":"ffffffff"},{"time":1.6666,"color":"ffffff00","curve":[0.25,0,0.75,1]},{"time":2,"color":"ffffffff"}]}},"bones":{"left hand":{"translate":[{"time":0,"x":-30.73,"y":162.42,"curve":[0.25,0,0.75,1]},{"time":0.6666,"x":51.85,"y":126.64,"curve":[0.25,0,0.75,1]},{"time":2,"x":-30.73,"y":162.42}]},"right hand":{"translate":[{"time":0,"x":243.64,"y":175.59,"curve":[0.25,0,0.75,1]},{"time":1.0333,"x":174.81,"y":159.08,"curve":[0.25,0,0.75,1]},{"time":2,"x":243.64,"y":175.59}]},"body":{"rotate":[{"time":0,"angle":-0.51},{"time":0.9,"angle":-1.77},{"time":2,"angle":-0.51}],"translate":[{"time":0,"x":0,"y":-5.5,"curve":[0.25,0,0.75,1]},{"time":0.8333,"x":0,"y":-38.54,"curve":[0.25,0,0.75,1]},{"time":2,"x":0,"y":-5.5}]}},"ik":{"left hand":[{"time":0,"mix":1,"bendPositive":true,"curve":"stepped"},{"time":2,"mix":1,"bendPositive":true}]}},"walk":{"bones":{"left leg":{"translate":[{"time":0,"x":-68.73,"y":0},{"time":1.0666,"x":74.46,"y":97.37},{"time":1.3333,"x":195.29,"y":3.36},{"time":1.6666,"x":-68.73,"y":0}]},"right leg":{"translate":[{"time":0,"x":143.2,"y":108.83},{"time":0.5,"x":151.79,"y":2.86},{"time":1,"x":-148.92,"y":2.86},{"time":1.6666,"x":143.2,"y":108.83}]},"right foot":{"translate":[{"time":0,"x":203.34,"y":51.55},{"time":0.5,"x":260.62,"y":-17.18},{"time":1,"x":240.57,"y":-88.78},{"time":1.6666,"x":203.34,"y":51.55}]},"left foot2":{"translate":[{"time":0,"x":0,"y":0},{"time":1.0666,"x":100.23,"y":42.96},{"time":1.3333,"x":142.31,"y":21.92},{"time":1.4666,"x":141.26,"y":-3.32}]}}}}}